1790487892.555,25.06
1790487892.655,25.06
1790487892.755,25.06
1790487892.855,25.06
1790487892.955,25.06
1790487893.055,25.06
1790487893.155,25.06
1790487893.255,25.06
1790487893.355,25.06
1790487893.455,25.06
1790487893.555,25.06
1790487893.655,18.86
1790487893.756,18.86
1790487893.856,18.86
1790487893.956,18.86
1790487894.056,18.86
1790487894.156,18.86
1790487894.256,18.86
1790487894.356,18.86
1790487894.457,18.86
1790487894.557,18.86
1790487894.657,18.72
1790487894.757,18.72
1790487894.857,18.72
1790487894.957,18.72
1790487895.057,18.72
1790487895.157,18.72
1790487895.257,18.72
1790487895.357,18.72
1790487895.457,18.72
1790487895.558,18.72
1790487895.658,18.51
1790487895.758,18.51
1790487895.858,18.51
1790487895.958,18.51
1790487896.058,18.51
1790487896.158,18.51
1790487896.258,18.51
1790487896.358,18.51
1790487896.458,18.51
1790487896.558,18.51
1790487896.659,18.56
1790487896.759,18.56
1790487896.859,18.56
1790487896.959,18.56
1790487897.059,18.56
1790487897.159,18.56
1790487897.259,18.56
1790487897.359,18.56
1790487897.460,18.56
1790487897.560,18.56
1790487897.660,18.7
1790487897.760,18.7
1790487897.860,18.7
1790487897.961,18.7
1790487898.064,18.7
1790487898.164,18.7
1790487898.264,18.7
1790487898.365,18.7
1790487898.465,18.7
1790487898.565,18.7
1790487898.665,18.39
1790487898.765,18.39
1790487898.865,18.39
1790487898.965,18.39
1790487899.065,18.39
1790487899.166,18.39
1790487899.266,18.39
1790487899.366,18.39
1790487899.466,18.39
1790487899.566,18.39
1790487899.666,18.54
1790487899.766,18.54
1790487899.868,18.54
1790487899.968,18.54
1790487900.068,18.54
1790487900.168,25.69
1790487900.268,25.69
1790487900.369,25.69
1790487900.469,25.69
1790487900.569,25.69
1790487900.669,25.18
1790487900.769,25.18
1790487900.869,25.18
1790487900.969,25.18
1790487901.069,25.18
1790487901.169,25.18
1790487901.274,25.18
1790487901.377,25.18
1790487901.477,25.18
1790487901.577,25.18
1790487901.681,25.37
1790487901.781,25.37
1790487901.881,25.37
1790487901.984,25.37
1790487902.086,25.37
1790487902.186,25.05
1790487902.286,25.05
1790487902.386,25.05
1790487902.486,25.05
1790487902.586,25.05
1790487902.686,25.03
1790487902.786,25.03
1790487902.887,25.03
1790487902.987,25.03
1790487903.089,25.03
1790487903.195,25.03
1790487903.295,25.03
1790487903.395,25.03
1790487903.495,25.03
1790487903.595,25.03
1790487903.695,19.0
1790487903.795,19.0
1790487903.896,19.0
1790487903.996,19.0
1790487904.096,19.0
1790487904.196,19.0
1790487904.296,19.0
1790487904.396,19.0
1790487904.496,19.0
1790487904.597,19.0
1790487904.697,18.47
1790487904.797,18.47
1790487904.897,18.47
1790487904.997,18.47
1790487905.097,18.47
1790487905.197,18.47
1790487905.297,18.47
1790487905.397,18.47
1790487905.498,18.47
1790487905.598,18.47
1790487905.698,18.42
1790487905.798,18.42
1790487905.898,18.42
1790487905.998,18.42
1790487906.098,18.42
1790487906.198,18.42
1790487906.299,18.42
1790487906.399,18.42
1790487906.499,18.42
1790487906.599,18.42
1790487906.699,18.54
1790487906.799,18.54
1790487906.899,18.54
1790487906.999,18.54
1790487907.099,18.54
1790487907.200,18.54
1790487907.300,18.54
1790487907.400,18.54
1790487907.500,18.54
1790487907.600,18.54
1790487907.700,18.57
1790487907.800,18.57
1790487907.900,18.57
1790487908.000,18.57
1790487908.101,18.57
1790487908.201,18.57
1790487908.301,18.57
1790487908.401,18.57
1790487908.501,18.57
1790487908.601,18.57
1790487908.701,18.4
1790487908.801,18.4
1790487908.902,18.4
1790487909.004,18.4
1790487909.104,18.4
1790487909.204,18.4
1790487909.304,18.4
1790487909.404,18.4
1790487909.504,18.4
1790487909.604,18.4
1790487909.704,18.46
1790487909.804,18.46
1790487909.905,18.46
1790487910.005,18.46
1790487910.105,18.46
1790487910.206,18.46
1790487910.306,18.46
1790487910.406,18.46
1790487910.506,18.46
1790487910.606,18.46
1790487910.706,18.65
1790487910.806,18.65
1790487910.906,18.65
1790487911.006,18.65
1790487911.106,18.65
1790487911.207,25.16
1790487911.307,25.16
1790487911.407,25.16
1790487911.507,25.16
1790487911.607,25.16
1790487911.707,25.55
1790487911.807,25.55
1790487911.907,25.55
1790487912.007,25.55
1790487912.107,25.55
1790487912.207,25.09
1790487912.308,25.09
1790487912.408,25.09
1790487912.508,25.09
1790487912.608,25.09
1790487912.708,25.17
1790487912.808,25.17
1790487912.908,25.17
1790487913.008,25.17
1790487913.108,25.17
1790487913.208,25.17
1790487913.309,25.17
1790487913.409,25.17
1790487913.509,25.17
1790487913.609,25.17
1790487913.709,19.08
1790487913.809,19.08
1790487913.909,19.08
1790487914.009,19.08
1790487914.109,19.08
1790487914.209,19.08
1790487914.309,19.08
1790487914.410,19.08
1790487914.510,19.08
1790487914.610,19.08
1790487914.710,18.68
1790487914.810,18.68
1790487914.910,18.68
1790487915.010,18.68
1790487915.110,18.68
1790487915.210,18.68
1790487915.310,18.68
1790487915.410,18.68
1790487915.510,18.68
1790487915.611,18.68
1790487915.711,18.5
1790487915.811,18.5
1790487915.911,18.5
1790487916.011,18.5
1790487916.111,18.5
1790487916.211,18.5
1790487916.311,18.5
1790487916.411,18.5
1790487916.511,18.5
1790487916.611,18.5
1790487916.712,18.56
1790487916.812,18.56
1790487916.912,18.56
1790487917.012,18.56
1790487917.112,18.56
1790487917.212,18.56
1790487917.312,18.56
1790487917.412,18.56
1790487917.512,18.56
1790487917.612,18.56
1790487917.713,18.51
1790487917.813,18.51
1790487917.913,18.51
1790487918.013,18.51
1790487918.113,18.51
1790487918.213,18.51
1790487918.313,18.51
1790487918.413,18.51
1790487918.513,18.51
1790487918.613,18.51
1790487918.713,18.28
1790487918.814,18.28
1790487918.914,18.28
1790487919.014,18.28
1790487919.114,18.28
1790487919.214,18.28
1790487919.314,18.28
1790487919.414,18.28
1790487919.514,18.28
1790487919.614,18.28
1790487919.715,18.52
1790487919.815,18.52
1790487919.915,18.52
1790487920.015,18.52
